{
  "Bensin": [
    15995816.168248303,
    16325881.976847399,
    16471895.282678882,
    16445370.82103944,
    16123080.110817747,
    15556320.959915826,
    14846716.202653661,
    14076253.641787637,
    13306931.93317512,
    12560373.62293602,
    11850139.196920278,
    11508476.472055929,
    11162706.054804899,
    10810217.80088187,
    10451024.746955687
  ],
  "CO2fromFuelSold": {
    "CO2Bensin": [
      32471506.821544055,
      33141540.41300022,
      33437947.423838127,
      33384102.76671006,
      32729852.624960024,
      31579331.54862912,
      30138833.89138693,
      28574794.8928289,
      27013071.82434549,
      25497558.454560116,
      24055782.56974816,
      23362207.238273535,
      22660293.291253943,
      21944742.135790195,
      21215580.236320045
    ],
    "CO2DieselLettereLastebiler": [
      16303456.961374223,
      16490318.489662975,
      16619007.741271788,
      16730102.228142548,
      16855346.185474902,
      16951681.431706432,
      17038975.283897713,
      17077608.208056252,
      17130628.908678524,
      17093128.349133994,
      17044500.65591846,
      16903494.42584132,
      16585919.296320895,
      16017019.497479115,
      15033200.341600964
    ],
    "CO2DieselPersonbiler": [
      29438038.263596453,
      28161263.056554403,
      27044261.333479006,
      25881262.456035133,
      24818073.94735237,
      23815799.830023568,
      22856890.021957427,
      21966440.524096318,
      21145699.44509243,
      20387058.96164958,
      19661089.30421809,
      18478906.26577343,
      17480931.92566689,
      16662129.60537119,
      16006956.798714451
    ],
    "CO2DieselTyngreLastebiler": [
      39447212.59301423,
      39738011.85465875,
      39953738.02875291,
      40189498.85148493,
      40401215.401178315,
      40551713.38153166,
      40610871.87791002,
      40704528.81568546,
      40698135.682349846,
      40675365.66576516,
      40590691.35246478,
      40501915.84161893,
      40287149.21150833,
      39847911.80123429,
      39058320.22711653
    ],
    "CO2DieselVarebiler": [
      29438038.263596453,
      28161263.056554403,
      27044261.333479006,
      25881262.456035133,
      24818073.94735237,
      23815799.830023568,
      22856890.021957427,
      21966440.524096318,
      21145699.44509243,
      20387058.96164958,
      19661089.30421809,
      18478906.26577343,
      17480931.92566689,
      16662129.60537119,
      16006956.798714451
    ]
  },
  "CO2fromOwnedVeichles": {
    "CO2Bensin": [
      25655490848.484947,
      28800902511.640327,
      32035693330.658047,
      35173758761.82474,
      37921249525.593,
      40329589245.88364,
      42439182198.63441,
      44323490703.732155,
      46134336888.94306,
      47904778798.216194,
      49692361915.46292,
      53086321094.23549,
      56640673004.76101,
      60337052067.06778,
      64165663305.17088
    ],
    "CO2DieselLettereLastebiler": [
      2241922093.183641,
      2374508883.6407375,
      2539237926.3298583,
      2687895842.9029675,
      2844589322.534082,
      3037442835.926223,
      3246367475.4343753,
      3459309896.471532,
      3676270099.03769,
      3929390335.364876,
      4186528353.221064,
      4359292958.96819,
      4503933094.012296,
      4568217598.476343,
      4499915312.483294
    ],
    "CO2DieselPersonbiler": [
      31702374910.504074,
      33357276306.164303,
      35316258523.64196,
      37168032759.068596,
      39193289001.814156,
      41456352041.10924,
      43869506255.27574,
      46442497824.50013,
      49224057649.71467,
      52208338022.807495,
      55358303459.070076,
      57233468526.94421,
      59556957883.39532,
      62443776454.62359,
      65987487570.41899
    ],
    "CO2DieselTyngreLastebiler": [
      13002685179.365198,
      14377521067.50596,
      15985379987.53499,
      17663145817.1305,
      19527330072.23662,
      21647839662.419834,
      23978069981.302486,
      26518021028.88458,
      29314297411.543762,
      32390201432.468857,
      35769035394.8487,
      39264380873.17268,
      42946144777.00728,
      46767722499.974815,
      50565997919.75354
    ],
    "CO2DieselVarebiler": [
      11193242531.25,
      12386785125,
      13675718062.5,
      15122859375,
      16709596312.5,
      18417316125,
      20287897500,
      22332973406.25,
      24538584281.25,
      26839585500,
      29031236812.5,
      30876225656.25,
      31981357687.5,
      32386185000,
      32339653125
    ]
  },
  "Diesel": [
    35241417.4157129,
    34924833.352580294,
    34618165.314177915,
    34293781.941991135,
    34004970.285213515,
    33703890.172914915,
    33379000.438839514,
    33074850.4670207,
    32762129.227075893,
    32426961.64067212,
    32065683.033837788,
    31466660.32239876,
    30798880.07322804,
    29997398.01124611,
    28948751.00301404
  ],
  "DieselSplit": {
    "Lettere lastebiler": [
      6573974,
      6649321,
      6701212,
      6746008,
      6796510,
      6835355,
      6870554,
      6886132,
      6907511,
      6892390,
      6872782,
      6815925,
      6687870,
      6458475,
      6061774
    ],
    "Personbiler": [
      11870176,
      11355348,
      10904944,
      10435992,
      10007287,
      9603145,
      9216487,
      8857435,
      8526491,
      8220588,
      7927858,
      7451171,
      7048762,
      6718600,
      6454418
    ],
    "Tyngre lastebiler": [
      15906134,
      16023391,
      16110378,
      16205443,
      16290812,
      16351497,
      16375351,
      16413116,
      16410538,
      16401357,
      16367214,
      16331417,
      16244818,
      16067706,
      15749322
    ],
    "Varebiler": [
      891132,
      896771,
      901630,
      906336,
      910359,
      913892,
      916606,
      918165,
      917587,
      912625,
      897827,
      868145,
      817428,
      752615,
      683235
    ]
  },
  "Lettere lastebiler": {
    "Bilbestand": {
      "Bensin": [
        9.942796043838547,
        8.48062015503876,
        7.310879443998931,
        5.848703555199145,
        4.386527666399359,
        3.2167869553595296,
        2.047046244319701,
        1.169740711039829,
        0.29243517775995725,
        0,
        0,
        0,
        0,
        0,
        0
      ],
      "Diesel": [
        163.17882919005612,
        172.82919005613473,
        184.81903234429296,
        195.6391339214114,
        207.04410585404972,
        221.08099438652766,
        236.28762363004543,
        251.78668805132318,
        267.57818765036086,
        286.00160384923817,
        304.7174552258754,
        317.2921678695536,
        327.8198342689121,
        332.49879711307136,
        327.5273990911521
      ],
      "El": [
        0,
        0,
        0,
        0,
        0,
        0,
        0,
        0,
        0,
        0.5848703555199145,
        1.169740711039829,
        2.6319165998396152,
        5.848703555199145,
        11.404971932638333,
        20.470462443197007
      ],
      "Gass": [
        0.5848703555199145,
        0.5848703555199145,
        0.8773055332798717,
        1.4621758887997862,
        1.7546110665597434,
        2.047046244319701,
        2.339481422079658,
        2.9243517775995724,
        3.2167869553595296,
        3.801657310879444,
        4.386527666399359,
        5.848703555199145,
        9.357925688318632,
        16.376369954557607,
        30.120823309275593
      ]
    },
    "Nybilsalg": {
      "Bensin": [
        0.10168439583139745,
        0.03025191494068523,
        0.02388798553506897,
        0.031084018894764684,
        0.03025191494068523,
        0.02388798553506897,
        0.020974661025541762,
        0.013906008452921042,
        0.013591440045815105,
        0.0117880846848975,
        0,
        0,
        0,
        0,
        0
      ],